{
	"name": "LessInterface",
	"title": "Less compiler",
	"description": "Less compiler for web developers",
	"version": "1",
	"parentMenu": "menuFlavours",
	"menuName": "Less compiler",
	"actions": [
		{
		"name": "compileLess",
		"title": "Compile Less",
		"parentMenu": "",
		"shortcutKeys": "Ctrl+Shift+l",
		"type": "js",
		"functionName" : "compileLess",
		"icons": {}
		}
	]
    ,
    "files" : {
        "js" : ["less-1.3.3","interface"],
        "license" : []
    
    }
    , 

	"icons": {
	"128": "jsonlint-logo.png"
	},
	"license": "MIT/BSD/Apache"
}
