{
	"name": "CoffeeInterface",
	"title": "Coffee compiler",
	"description": "Less compiler for web developers",
	"version": "1",
	"parentMenu": "menuFlavours",
	"menuName": "CoffeeScript compiler",
	"actions": [
		{
		"name": "compileCoffeeScript",
		"title": "Compile CoffeeScript",
		"parentMenu": "",
		"shortcutKeys": "Ctrl+Shift+k",
		"type": "js",
		"functionName" : "compileCoffeeScript",
		"icons": {}
		}
	]
    ,
    "files" : {
        "js" : ["coffee-script","interface"],
        "license" : []
    
    }
    , 

	"icons": {
	"128": "jsonlint-logo.png"
	},
	"license": "MIT/BSD/Apache"
}
