{
	"name": "ZenInterface",
	"title": "Zen Coding",
	"description": "Zen coding for web developers",
	"version": "1",
	"parentMenu": "menuFlavours",
	"menuName": "Zen Coding",
	"actions": [
		{
		"name": "ExpandWrapAction",
		"title": "Expand Wrap",
		"parentMenu": "",
		"shortcutKeys": "Ctrl+Shift+M",
		"type": "js",
		"functionName" : "expandAbbreviation",
		"icons": {}
		},
		{
		"name": "WrapWithAbbreviation",
		"title": "Wrap With Abbreviation",
		"parentMenu": "",
		"shortcutKeys": "Ctrl+Shift+N",
		"type": "js",
		"functionName" : "wrapWithAbbreviation",
		"icons": {}
		}
	],
    "files" : {
        "js" : ["zen_settings","zen_coding","interface"],
        "license" : []
    
    }
    ,
	"icons": {
	"128": "jsonlint-logo.png"
	},
	"license": "MIT/BSD/Apache"
}
