{
	"name": "VkBeautifyInterface",
	"title": "VK Beautify",
	"description": "vkBeautify for web developers",
	"version": "1",
	"parentMenu": "menuFlavours",
	"menuName": "Vk Beautify",
	"actions": [
		{
		"name": "beautifyHtml",
		"title": "Beautify Html",
		"parentMenu": "",
		"shortcutKeys": "",
		"type": "js",
		"functionName" : "beautifyHtml",
		"icons": {}
		},
		{
		"name": "beautifyCss",
		"title": "Beautify Css",
		"parentMenu": "",
		"shortcutKeys": "",
		"type": "js",
		"functionName" : "beautifyCss",
		"icons": {}
		},
		{
		"name": "beautifyJs",
		"title": "Beautify Javascript",
		"parentMenu": "",
		"shortcutKeys": "",
		"type": "js",
		"functionName" : "beautifyJs",
		"icons": {}
		}
	],
	"icons": {
	"128": "jsonlint-logo.png"
	},
	"license": "MIT/BSD/Apache"
}
